name,pretty_name,description,url,is_fork,created_at
Homebox-Desktop-Wrapper-AppImage,Homebox Desktop Wrapper Appimage,Linux Electron desktop wrapper for Homebox,https://github.com/danielrosehill/Homebox-Desktop-Wrapper-AppImage,False,2025-02-24T15:07:02Z
Thought-Pad,Thought Pad,"Linux desktop application that provides a two-stage process for creating notes from dictated speech (first stage, transcription via Whisper API; second stage light text formatting). Exports to markdown docs.",https://github.com/danielrosehill/Thought-Pad,False,2025-02-23T12:35:55Z
Github-Master-Index,Github Master Index,A repository that indexes my Github projects,https://github.com/danielrosehill/Github-Master-Index,False,2025-02-22T18:49:30Z
Reddit-Posts,Reddit Posts,Things I've posted on Reddit and which are copied here so that they can be ingested as context for various AI workflows,https://github.com/danielrosehill/Reddit-Posts,False,2025-02-22T18:30:29Z
OpenWebUI-Macro-Keypad,Openwebui Macro Keypad,WIP idea. Macro keypad config for OpenWebUI shortcuts,https://github.com/danielrosehill/OpenWebUI-Macro-Keypad,False,2025-02-20T23:56:35Z
OpenWebUI-Prompt-Library,Openwebui Prompt Library,"A selection of prompts designed for use with Open Web UI (rather than conventional prompts, they're more useful for steering existing conversations)",https://github.com/danielrosehill/OpenWebUI-Prompt-Library,False,2025-02-19T18:26:47Z
Two-AIs-Talk,Two Ais Talk,Just a ridiculous experiment I have to try out at least once,https://github.com/danielrosehill/Two-AIs-Talk,False,2025-02-18T19:41:42Z
open-webui,Open Webui,"User-friendly AI Interface (Supports Ollama, OpenAI API, ...)",https://github.com/danielrosehill/open-webui,True,2025-02-18T17:58:09Z
System-Prompt-Generation-Agent-Configs,System Prompt Generation Agent Configs,"A collection of system prompts for agents instructed to generate or edit system prompts for other AI agents (yes, you read that right!)",https://github.com/danielrosehill/System-Prompt-Generation-Agent-Configs,False,2025-02-17T18:41:06Z
Snap-It,Snap It,Simple GUI for taking on-demand Snapper snapshots,https://github.com/danielrosehill/Snap-It,False,2025-02-17T11:30:47Z
Linux-CUAs,Linux Cuas,List of a few computer user agents (CUAs) with support for Linux,https://github.com/danielrosehill/Linux-CUAs,False,2025-02-17T09:32:05Z
Cline-Roo-Code-Repo-Template,Cline Roo Code Repo Template,Repo template for Cline / Roo Code AI dev with my docs-as-prompts approach!,https://github.com/danielrosehill/Cline-Roo-Code-Repo-Template,False,2025-02-16T07:14:59Z
AI-Assistants,Artificial Intelligence Assistants,"My useful, sprawling and only slightly crazy network of AI assistants for ... anything and everything",https://github.com/danielrosehill/AI-Assistants,False,2025-02-16T06:17:12Z
RooCode-Mode-Prompts,Roocode Mode Prompts,Some custom mode-setting system prompts for Roo Code,https://github.com/danielrosehill/RooCode-Mode-Prompts,False,2025-02-15T22:06:05Z
Github-Repo-Pruner,Github Repo Pruner,Helps to discard old repositories from a local filesystem (for Linux),https://github.com/danielrosehill/Github-Repo-Pruner,False,2025-02-15T19:32:20Z
Homebox-Ideas,Homebox Ideas,Tracking repo for some ideas for improving Homebox that I'm going to try develop!,https://github.com/danielrosehill/Homebox-Ideas,False,2025-02-15T18:23:01Z
Awesome-AI-Agents-And-Assistants,Awesome Artificial Intelligence Agents And Assistants,An ecosystem map of the AI agent and assistant building landscape in Feb 2025,https://github.com/danielrosehill/Awesome-AI-Agents-And-Assistants,False,2025-02-14T18:51:44Z
Friendly-AI-Exploration-Bot,Friendly Artificial Intelligence Exploration Bot,Configuration for an instructional tool for inquisitive AI students,https://github.com/danielrosehill/Friendly-AI-Exploration-Bot,False,2025-02-14T14:27:34Z
RAG-Markdown-Loader,Retrieval Augmented Generation Markdown Loader,Loads markdown documents into a folder,https://github.com/danielrosehill/RAG-Markdown-Loader,False,2025-02-13T16:21:41Z
Awesome-AI-Subreddits,Awesome Artificial Intelligence Subreddits,Subreddits discussing AI related things!,https://github.com/danielrosehill/Awesome-AI-Subreddits,False,2025-02-13T12:19:44Z
Personal-RAG-Agent-Workflow,Personal Retrieval Augmented Generation Agent Workflow,AI workflows for building personal RAG pipelines with interviewing agents,https://github.com/danielrosehill/Personal-RAG-Agent-Workflow,False,2025-02-12T11:15:00Z
RAG-API-SDK-Docs-Pipeline,Retrieval Augmented Generation Api Sdk Docs Pipeline,Pipeline for gathering useful API and SDK docs for ingestion into a RAG pipeline (for grounding),https://github.com/danielrosehill/RAG-API-SDK-Docs-Pipeline,False,2025-02-11T01:03:19Z
AI-Interview-Workflow-V2,Artificial Intelligence Interview Workflow V2,No description provided,https://github.com/danielrosehill/AI-Interview-Workflow-V2,False,2025-02-09T10:25:20Z
LLM-Max-Token-Length-0225,Large Language Model Max Token Length 0225,"A plot showing the evolution of the max output token length by major LLMs, Feb 2025",https://github.com/danielrosehill/LLM-Max-Token-Length-0225,False,2025-02-08T16:15:33Z
Open-That-Repo,Open That Repo,Utility for quickly opening a Github repo on your computer,https://github.com/danielrosehill/Open-That-Repo,False,2025-02-07T16:19:21Z
AI-Job-Search-Assistant-Workflow,Artificial Intelligence Job Search Assistant Workflow,A chained agent workflow for job hunters (presented as a model),https://github.com/danielrosehill/AI-Job-Search-Assistant-Workflow,False,2025-02-07T13:30:56Z
Home-Assistant-Smoke-Alarm-Config,Home Assistant Smoke Alarm Config,Documentation and code samples for smoke alarm monitoring in HA,https://github.com/danielrosehill/Home-Assistant-Smoke-Alarm-Config,False,2025-02-06T17:23:37Z
Israel-Preparedness-Guidelines-AI-Assistant,Israel Preparedness Guidelines Artificial Intelligence Assistant,AI assistant configuration for proviidng Home Front Command guidelines,https://github.com/danielrosehill/Israel-Preparedness-Guidelines-AI-Assistant,False,2025-02-05T22:01:41Z
Israel-To-ROW-Salary-Converter-V2,Israel To Row Salary Converter V2,V2 of Israel to ROW salary conversion utility (Streamlit),https://github.com/danielrosehill/Israel-To-ROW-Salary-Converter-V2,False,2025-02-05T20:03:57Z
Israeli-Google-Drive-Accounting-Doc-Router,Israeli Google Drive Accounting Doc Router,Routes accounting documents through Google Drive,https://github.com/danielrosehill/Israeli-Google-Drive-Accounting-Doc-Router,False,2025-02-05T19:21:15Z
Google-Drive-Folder-Scaffolding-Builder,Google Drive Folder Scaffolding Builder,Builds date/year folder scaffolding in Drive folders (with App Scripts),https://github.com/danielrosehill/Google-Drive-Folder-Scaffolding-Builder,False,2025-02-05T17:29:31Z
Dual-WhatsApp-Linux-Desktop,Dual Whatsapp Linux Desktop,Dual WA client for the Linux desktop (AI generated),https://github.com/danielrosehill/Dual-WhatsApp-Linux-Desktop,False,2025-02-03T17:09:57Z
Cline-Website-Creation-Demo,Cline Website Creation Demo,Demonstration project for YouTube using referred prompts for development,https://github.com/danielrosehill/Cline-Website-Creation-Demo,False,2025-02-03T17:03:37Z
Agentic-Context-Development-Interview-Demo,Agentic Context Development Interview Demo,Demonstration modelling how a chained LLM agent workflow could be used to expedite the generation of personal contextual data for personalised LLM experiences and personal RAG development,https://github.com/danielrosehill/Agentic-Context-Development-Interview-Demo,False,2025-02-03T17:01:23Z
AI-Generated-Projects-Index,Artificial Intelligence Generated Projects Index,Index of development projects that were partially or fully developed using AI,https://github.com/danielrosehill/AI-Generated-Projects-Index,False,2025-02-01T10:58:21Z
NFC-Reader-Writer-App,Nfc Reader Writer App,Desktop NFC reader/writer GUI for the ACR1252U (validated with NTAG213 on Linux),https://github.com/danielrosehill/NFC-Reader-Writer-App,False,2025-02-01T09:14:04Z
Home-Assistant-Israel-Dashboards,Home Assistant Israel Dashboards,HA dashboards with Israel-specifc entities,https://github.com/danielrosehill/Home-Assistant-Israel-Dashboards,False,2025-01-31T15:39:43Z
Weird-AI-Bots,Weird Artificial Intelligence Bots,Some configurations for offbeat AI roleplay characters just for fun,https://github.com/danielrosehill/Weird-AI-Bots,False,2025-01-31T01:09:50Z
Home-Assistant-YAML-Snippets,Home Assistant Yaml Snippets,Code snippets for Home Assistant dashboard elements,https://github.com/danielrosehill/Home-Assistant-YAML-Snippets,False,2025-01-30T15:16:09Z
HA-Shabbat-Dashboard-0125,Home Assistant Shabbat Dashboard 0125,Simple designed Home Assistant dashboard for Shabbat / Yom Tov times,https://github.com/danielrosehill/HA-Shabbat-Dashboard-0125,False,2025-01-30T09:38:34Z
Assistant-Config-Editor,Assistant Config Editor,Streamlit web UI for editing assistant configuration texts,https://github.com/danielrosehill/Assistant-Config-Editor,False,2025-01-28T23:59:59Z
LLM-Assistants-Web-Library,Large Language Model Assistants Web Library,A web UI for open-sourcing my assistant configurations (WIP),https://github.com/danielrosehill/LLM-Assistants-Web-Library,False,2025-01-28T22:07:00Z
Personalised-AI-Idea,Personalised Artificial Intelligence Idea,Some updated thoughts and sketches for creating personalised AI systems,https://github.com/danielrosehill/Personalised-AI-Idea,False,2025-01-28T17:11:06Z
AI-Assistant-Template,Artificial Intelligence Assistant Template,Template repository for version controlling AI assistant configurations (and associated elements like context data),https://github.com/danielrosehill/AI-Assistant-Template,False,2025-01-27T12:40:04Z
AI-Assistants-Index,Artificial Intelligence Assistants Index,Indexing repository nesting links to standalone repositories containing configurations for AI assistants & agents,https://github.com/danielrosehill/AI-Assistants-Index,False,2025-01-27T12:38:46Z
Assistant-Configuration-Improver,Assistant Configuration Improver,Assistant which improves the configuration of assistant configuration texts,https://github.com/danielrosehill/Assistant-Configuration-Improver,False,2025-01-27T12:32:16Z
Github-Ideas-And-FRs,Github Ideas And Frs,Ideas and feature requests contributed to Github projects,https://github.com/danielrosehill/Github-Ideas-And-FRs,False,2025-01-25T18:17:17Z
Voice-Assistant-Agent-Platforms,Voice Assistant Agent Platforms,A list of a few interesting tools for creating context-backed agents & assistants for voice interaction,https://github.com/danielrosehill/Voice-Assistant-Agent-Platforms,False,2025-01-23T18:42:17Z
Environmental-Data---AI-Assistants,Environmental Data   Artificial Intelligence Assistants,This repository is a gathering of AI assistants that I've developed for analysing sustainability-related data,https://github.com/danielrosehill/Environmental-Data---AI-Assistants,False,2025-01-22T15:23:31Z
Home-Assistant-YomTov-Shabbat-0125,Home Assistant Yomtov Shabbat 0125,Updated documentation for Home Assistant automations for Shabbat & Yom Tov observance,https://github.com/danielrosehill/Home-Assistant-YomTov-Shabbat-0125,False,2025-01-20T14:48:11Z
OpenWebUI-My-Docker-Compose,Openwebui My Docker Compose,A Docker Compose for Open Web UI with a few modifications,https://github.com/danielrosehill/OpenWebUI-My-Docker-Compose,False,2025-01-12T13:09:59Z
Better-Hashnode-Backups,Better Hashnode Backups,Backups a Hashnode blog including the images from the CDN,https://github.com/danielrosehill/Better-Hashnode-Backups,False,2025-01-12T10:28:28Z
Personal-AI-Agent-Development-Template,Personal Artificial Intelligence Agent Development Template,A model template/skeleton for creating personalised LLM agents,https://github.com/danielrosehill/Personal-AI-Agent-Development-Template,False,2025-01-11T00:29:23Z
AI-Second-Brain-Tools,Artificial Intelligence Second Brain Tools,"AI platforms that market themselves as ""second brains"" (RAG + LLM). Usually: knowledge discovery, mgmt, wiki + LLM capabilities. ",https://github.com/danielrosehill/AI-Second-Brain-Tools,False,2025-01-09T14:02:26Z
My-AI-LLM-Configs,My Artificial Intelligence Large Language Model Configs,Configurations for various models accessed via API,https://github.com/danielrosehill/My-AI-LLM-Configs,False,2025-01-09T05:07:50Z
Personal-Context-Store-Ideation,Personal Context Store Ideation,Prompts generating ideas for developing personal contextual knowledge storage vaults,https://github.com/danielrosehill/Personal-Context-Store-Ideation,False,2025-01-08T23:10:46Z
Just-Some-AI-App-Ideas,Just Some Artificial Intelligence App Ideas,"Gathering repository for various ideas involving AI that I am or have been working on (experiments, etc!)",https://github.com/danielrosehill/Just-Some-AI-App-Ideas,False,2025-01-08T17:38:53Z
Tool-Searches,Tool Searches,Documenting some tools that I'm on active quest to find!,https://github.com/danielrosehill/Tool-Searches,False,2025-01-06T14:40:43Z
USB-Foot-Mouse-Linux,Usb Foot Mouse Linux,Documentation for getting a cheap USB HID foot mouse to work on Linux,https://github.com/danielrosehill/USB-Foot-Mouse-Linux,False,2025-01-05T01:21:45Z
Awesome-STT-Tools,Awesome Speech to Text Tools,"A few useful speech to text tools that I've stumbled across including browser extensions, Linux desktop tools and ASR. ",https://github.com/danielrosehill/Awesome-STT-Tools,False,2025-01-04T22:25:54Z
My-Docker-Compose-Lib-Private,My Docker Compose Lib Private,No description provided,https://github.com/danielrosehill/My-Docker-Compose-Lib-Private,False,2025-01-04T18:21:53Z
Task-Management-App-Prompt,Task Management App Prompt,A versioned prompt just to find one tool! (Experimenting with prompt length and details provided to improve accuracy!),https://github.com/danielrosehill/Task-Management-App-Prompt,False,2025-01-02T18:15:07Z
Awesome-STT-Projects,Awesome Speech to Text Projects,A list of some STT projects from around the internet,https://github.com/danielrosehill/Awesome-STT-Projects,False,2025-01-02T11:30:09Z
Personal-STT-Benchmarking,Personal Speech to Text Benchmarking,Some personal benchmarks of STT models,https://github.com/danielrosehill/Personal-STT-Benchmarking,False,2024-12-31T15:29:51Z
Voice-LLM-App-Notes,Voice Large Language Model App Notes,A few notes describing the kind of voice app for large language models I would love to have!,https://github.com/danielrosehill/Voice-LLM-App-Notes,False,2024-12-30T16:10:23Z
Public-Or-Private-Repo-Extension,Public Or Private Repo Extension,WIP - VS Code Extension to notify users whether the repo they're working on is public or private,https://github.com/danielrosehill/Public-Or-Private-Repo-Extension,False,2024-12-30T15:20:38Z
Deepgram-STT-Linux-App,Deepgram Speech to Text Linux App,Work in progress - AI-assisted STT app for Linux desktop users,https://github.com/danielrosehill/Deepgram-STT-Linux-App,False,2024-12-30T15:17:42Z
Gmail-Search-Strings,Gmail Search Strings,Just a few search strings for finding stuff in overcrowded Gmail inboxes!,https://github.com/danielrosehill/Gmail-Search-Strings,False,2024-12-30T14:24:35Z
Perplexity-Security-1224,Perplexity Security 1224,"Repository to demonstrate the ""security through security"" being currently implemented",https://github.com/danielrosehill/Perplexity-Security-1224,False,2024-12-29T18:00:05Z
Feature-Ideas-And-Requests,Feature Ideas And Requests,General feature requests for tech tools that I use and love!,https://github.com/danielrosehill/Feature-Ideas-And-Requests,False,2024-12-29T14:49:30Z
Corn-The-Sloth-Public,Corn The Sloth Public,Character sketches for an AI character...,https://github.com/danielrosehill/Corn-The-Sloth-Public,False,2024-12-24T19:00:45Z
GVFD-Explorer-Chatbot-V2,Gvfd Explorer Chatbot V2,Chatbot supporting user discovery of the global value factors database,https://github.com/danielrosehill/GVFD-Explorer-Chatbot-V2,False,2024-12-24T17:46:02Z
Context-Data-Generation-Bot,Context Data Generation Bot,Configuration for an AI assistant to generate personal contextual data (and intended workflow),https://github.com/danielrosehill/Context-Data-Generation-Bot,False,2024-12-24T10:48:50Z
My-OpenAI-Python-SDK-Helper,My Openai Python Sdk Helper,Docs for a utility that pulls the readme page from OpenAI Python SDK documentation and formats it for a context snippet. ,https://github.com/danielrosehill/My-OpenAI-Python-SDK-Helper,False,2024-12-23T19:42:27Z
openai-python,Openai Python,The official Python library for the OpenAI API,https://github.com/danielrosehill/openai-python,True,2024-12-23T19:41:02Z
Prompt-And-Output-Separator,Prompt And Output Separator,Streamlit-deployed app which attempts to separate prompts and outputs from continuous text files,https://github.com/danielrosehill/Prompt-And-Output-Separator,False,2024-12-22T19:37:53Z
Mock-PII-Data,Mock Pii Data,Synthetic data containing personally identifiable information,https://github.com/danielrosehill/Mock-PII-Data,False,2024-12-20T14:19:04Z
Global-Value-Factors-Explorer-Dataset,Global Value Factors Explorer Dataset,Derivative database of IFVI Global Value Factors for data analysis and visualization use cases. ,https://github.com/danielrosehill/Global-Value-Factors-Explorer-Dataset,False,2024-12-20T00:10:49Z
Emissions-Monetisation-Calculator,Emissions Monetisation Calculator,"Calculation tool for ""monetising"" companies' emissions at various proposed social cost of carbon values",https://github.com/danielrosehill/Emissions-Monetisation-Calculator,False,2024-12-19T17:25:31Z
Prompt-Puncutation-Experiment,Prompt Puncutation Experiment,Experimenting to test the effect of puncutation in prompts on inference quality,https://github.com/danielrosehill/Prompt-Puncutation-Experiment,False,2024-12-19T14:02:02Z
Context-Waterfall-Architecture-Notes,Context Waterfall Architecture Notes,A model for routing contextual data into vector storage for use with LLMs,https://github.com/danielrosehill/Context-Waterfall-Architecture-Notes,False,2024-12-18T15:22:56Z
Personal-Context-Vector-Pipeline,Personal Context Vector Pipeline,Notes planning a personal contextual data pipeline,https://github.com/danielrosehill/Personal-Context-Vector-Pipeline,False,2024-12-17T23:18:45Z
Bias-Censorship-Eval-Tests,Bias Censorship Eval Tests,Some loosely organised experiments intended to probe the levels of political censorship inherent in LLMs,https://github.com/danielrosehill/Bias-Censorship-Eval-Tests,False,2024-12-17T01:43:52Z
Anonymisation-Assistant,Anonymisation Assistant,Configuration for a large language assistant designed to assist with redacting personally identifiable details in documents,https://github.com/danielrosehill/Anonymisation-Assistant,False,2024-12-16T23:13:12Z
AI-Abusive-Message-Documentation-Tool,Artificial Intelligence Abusive Message Documentation Tool,Configuration text for an LLM assistant designed to assist users with documenting abusive messages,https://github.com/danielrosehill/AI-Abusive-Message-Documentation-Tool,False,2024-12-15T14:22:14Z
Personal-Context-Repo-Idea,Personal Context Repo Idea,Outlining an idea for a personal context repository for enhancing LLM inference,https://github.com/danielrosehill/Personal-Context-Repo-Idea,False,2024-12-14T11:36:47Z
every-chatgpt-gui,Every Chatgpt Gui,"Every front-end GUI client for ChatGPT, Claude, and other LLMs",https://github.com/danielrosehill/every-chatgpt-gui,True,2024-12-12T21:05:06Z
PDF-Extract-And-TTS,Pdf Extract And Text to Speech,Streamlit app using Google Cloud APIs to extract core text from a PDF and perform TTS. For listening to long docs. API keys required.,https://github.com/danielrosehill/PDF-Extract-And-TTS,False,2024-12-12T17:47:27Z
LLM-Long-Codegen-Test,Large Language Model Long Codegen Test,Experiment to evaluate the ability of code-gen LLMs to generate a long continuous (single) output,https://github.com/danielrosehill/LLM-Long-Codegen-Test,False,2024-12-10T19:03:07Z
LLM-API-Key-Manager,Large Language Model Api Key Manager,"Coming soon, a minimalist local first tool for organizing and displaying a list of API keys for large language models that can be accessed this way. ",https://github.com/danielrosehill/LLM-API-Key-Manager,False,2024-12-09T23:02:51Z
AI-Generated-Project-Starters,Artificial Intelligence Generated Project Starters,AI-generated project starters for anyone wishing to carry on the ideas!,https://github.com/danielrosehill/AI-Generated-Project-Starters,False,2024-12-09T19:03:53Z
My-Calculators,My Calculators,Unit exchange calculators for calculations I commonly require,https://github.com/danielrosehill/My-Calculators,False,2024-12-09T12:55:03Z
GHG-Emissions-Data-Pipeline,Ghg Emissions Data Pipeline,Data pipeline repository supplying various data visualisation projects,https://github.com/danielrosehill/GHG-Emissions-Data-Pipeline,False,2024-12-09T12:39:31Z
GHG-vs-EBITDA-V2,Ghg Vs Ebitda V2,Another data visualisation series comparing companies' GHG emissions with their EBITDA,https://github.com/danielrosehill/GHG-vs-EBITDA-V2,False,2024-12-09T09:46:21Z
Master-Index,Master Index,This repository serves as a master index linking to the various indices I have for more narrow groupings of topics.,https://github.com/danielrosehill/Master-Index,False,2024-12-08T09:58:23Z
Data-Projects-Index,Data Projects Index,"Data apps and datasets deployed to Streamlit Community Cloud, Hugging Face, and elsewhere. ",https://github.com/danielrosehill/Data-Projects-Index,False,2024-12-08T09:56:47Z
Sustainability-Report-Data-Extractor,Sustainability Report Data Extractor,Tool for extracting data-containing pages from sustainability reports,https://github.com/danielrosehill/Sustainability-Report-Data-Extractor,False,2024-12-08T09:45:05Z
Value-Factors-Data-Vis,Value Factors Data Vis,Streamlit app containing visualisations of the Global Value Factors Database (GVFD) released by the IFVI in 2024,https://github.com/danielrosehill/Value-Factors-Data-Vis,False,2024-12-05T01:52:24Z
Monetised-GHG-Emissions,Monetised Ghg Emissions,Calculating monetised GHG emissions for various companies based upon disclosure data,https://github.com/danielrosehill/Monetised-GHG-Emissions,False,2024-12-04T18:50:21Z
GHG-EBITDA-Correlations,Ghg Ebitda Correlations,Streamlit data visualisation examining correlation between emissions & profitability,https://github.com/danielrosehill/GHG-EBITDA-Correlations,False,2024-12-04T14:39:18Z
Fun-LLM-Data-Prompts,Fun Large Language Model Data Prompts,"As prompting fro data analysis & vis is quite specific, a small side collection of prompts for this purpose",https://github.com/danielrosehill/Fun-LLM-Data-Prompts,False,2024-12-03T19:04:12Z
Linux-Desktop-LLM-Apps,Linux Desktop Large Language Model Apps,"Quick list of  some LLM related apps with Linux desktop support (chat UIs, CLIs, wrappers, etc)",https://github.com/danielrosehill/Linux-Desktop-LLM-Apps,False,2024-12-02T20:31:08Z
Eco-Ninja-3,Eco Ninja 3,Configuration for an LLM assistant that performs analysis on sustainability data,https://github.com/danielrosehill/Eco-Ninja-3,False,2024-12-02T17:59:34Z
LLM-System-Prompts,Large Language Model System Prompts,A few system prompts for LLMs intended to improve the format and utility of outputs. Written primarily for LibreChat but should be reasonably frontend-agnostic,https://github.com/danielrosehill/LLM-System-Prompts,False,2024-12-02T01:01:17Z
dsnote,Dsnote,"Speech Note Linux app. Note taking, reading and translating with offline Speech to Text, Text to Speech and Machine translation.",https://github.com/danielrosehill/dsnote,True,2024-12-01T19:23:43Z
Prompt-Builder,Prompt Builder,Work in progress. Assemble prompts based upon templated forms in the browser. ,https://github.com/danielrosehill/Prompt-Builder,False,2024-12-01T16:37:18Z
LLM-Output-Vault-Parameters,Large Language Model Output Vault Parameters,Some parameteric data about my LLM output repository as it scales,https://github.com/danielrosehill/LLM-Output-Vault-Parameters,False,2024-12-01T14:07:35Z
Monetised-Emissions-V2,Monetised Emissions V2,Monetised,https://github.com/danielrosehill/Monetised-Emissions-V2,False,2024-12-01T12:16:41Z
My-Docs-Index,My Docs Index,"An index to my various documentation projects, both on Github and elsewhere",https://github.com/danielrosehill/My-Docs-Index,False,2024-11-29T17:44:27Z
Demo-Github-Repo-Cleaner-Utility,Demo Github Repo Cleaner Utility,Demo repo for a YouTube video to share some thoughts about prompting for code generation.,https://github.com/danielrosehill/Demo-Github-Repo-Cleaner-Utility,False,2024-11-27T17:44:24Z
VS-Code-LLM-Tools,Vs Code Large Language Model Tools,A list of some extensions for working with large language models (LLMs) within the VS Code IDE,https://github.com/danielrosehill/VS-Code-LLM-Tools,False,2024-11-26T14:24:36Z
Daniels-Take-On,Daniels Take On,"My thoughts on a few random topics (for my documentation site), to get a bit of space to jot down things besides tech notes",https://github.com/danielrosehill/Daniels-Take-On,False,2024-11-25T22:41:46Z
LLM-Attribution-Badges,Large Language Model Attribution Badges,Markdown badges for attributing LLM generated (or co-generated) content (using Shields.io),https://github.com/danielrosehill/LLM-Attribution-Badges,False,2024-11-24T12:41:49Z
Langchain-Workflows,Langchain Workflows,A few projects for LangChain workflows using programmatic prompting for various purposes. ,https://github.com/danielrosehill/Langchain-Workflows,False,2024-11-23T12:04:20Z
Testing-Repo-Public,Testing Repo Public,General first entry testing repository for things that need to be publicly accessible. ,https://github.com/danielrosehill/Testing-Repo-Public,False,2024-11-22T11:46:07Z
Prompt-Engineering-Resources,Prompt Engineering Resources,Lists of resources and tools for prompt engineering and evaluation,https://github.com/danielrosehill/Prompt-Engineering-Resources,False,2024-11-21T19:22:56Z
Local-Github-Repo-Index-Generator,Local Github Repo Index Generator,Script to generate an index of the Github repos on your local / computer,https://github.com/danielrosehill/Local-Github-Repo-Index-Generator,False,2024-11-21T17:24:42Z
Projects,Projects,A list of projects I am working on,https://github.com/danielrosehill/Projects,False,2024-11-20T14:37:31Z
LLM-Workflow-Documentation,Large Language Model Workflow Documentation,Documentation for managing prompts and outputs and working professionally with large language models (LLMs),https://github.com/danielrosehill/LLM-Workflow-Documentation,False,2024-11-20T10:30:01Z
LLM-Output-Notes,Large Language Model Output Notes,First entry documentation repository for notes mostly unedited from LLMs,https://github.com/danielrosehill/LLM-Output-Notes,False,2024-11-19T17:26:57Z
Github-Submodules-Docs,Github Submodules Docs,A few personal notes jotted down for working with submodules in Github while trying to avoid going insane,https://github.com/danielrosehill/Github-Submodules-Docs,False,2024-11-19T17:24:14Z
Docs-Archive,Docs Archive,archived documentation gathered from different sources and centralized on this repository. ,https://github.com/danielrosehill/Docs-Archive,False,2024-11-19T17:11:51Z
Gists,Gists,"Short tech notes (as in Github Gists, but versioned in a repo to sync them to a doc site)",https://github.com/danielrosehill/Gists,False,2024-11-19T17:05:04Z
Ideas,Ideas,The first seedlings of ideas as they pop out of my head and onto the page/code editor,https://github.com/danielrosehill/Ideas,False,2024-11-19T17:02:48Z
Sustainability-Reports-Source,Sustainability Reports Source,Source data and documentation for corporat sustainability disclosures/reporting,https://github.com/danielrosehill/Sustainability-Reports-Source,False,2024-11-19T15:36:25Z
GVFD-Derivative-Docs,Gvfd Derivative Docs,Documentation for derivative database of IFVI Global Value Factors Database (GVFD),https://github.com/danielrosehill/GVFD-Derivative-Docs,False,2024-11-19T12:03:59Z
Wiki,Wiki,"General purpose wiki for hosting Gists, how-tos, etc.",https://github.com/danielrosehill/Wiki,False,2024-11-19T10:20:29Z
mkdocs-gen-nav-plugin,Mkdocs Gen Nav Plugin,Mkdocs plugin for generating navigation by directory structure,https://github.com/danielrosehill/mkdocs-gen-nav-plugin,True,2024-11-18T20:12:14Z
My-Principles-Of-Prompting,My Principles Of Prompting,A small and opinionated repository of my thoughts about prompting LLMs to maximise their utility for specific use-cases,https://github.com/danielrosehill/My-Principles-Of-Prompting,False,2024-11-18T16:17:23Z
Mr-David-Rosen,Mr David Rosen,An LLM-generated alias to explore contextually guided prompting strategies,https://github.com/danielrosehill/Mr-David-Rosen,False,2024-11-14T13:04:02Z
LLMs-on-LLMs,Llms On Llms,"Large language models (LLMs) explaining themselves - and how to make best use of them (prompt engineering). Often insightful, though accuracy not guaranteed!",https://github.com/danielrosehill/LLMs-on-LLMs,False,2024-11-13T16:35:34Z
LLM-Experiment-Notebook,Large Language Model Experiment Notebook,Experiments in evaluating various prompting strategies and LLM performance generally,https://github.com/danielrosehill/LLM-Experiment-Notebook,False,2024-11-13T15:44:52Z
LibreChat,Librechat,"Enhanced ChatGPT Clone: Features Anthropic, AWS, OpenAI, Assistants API, Azure, Groq, o1, GPT-4o, Mistral, OpenRouter, Vertex AI, Gemini, Artifacts, AI model switching, message search, langchain, DALL-E-3, ChatGPT Plugins, OpenAI Functions, Secure Multi-User System, Presets, completely open-source for self-hosting. Actively in public development.",https://github.com/danielrosehill/LibreChat,True,2024-11-13T02:45:17Z
LLM-API-Price-Estimates,Large Language Model Api Price Estimates,Some cost estimates for using LLMs via API versus web UI services (like ChatGPT),https://github.com/danielrosehill/LLM-API-Price-Estimates,False,2024-11-12T13:34:44Z
Hugo-Scripts,Hugo Scripts,A few scripts for editing static sites built with the Hugo static site generator,https://github.com/danielrosehill/Hugo-Scripts,False,2024-11-08T12:17:54Z
Prompts-And-Outputs,Prompts And Outputs,"A vault of over 2,000 prompts and outputs derived from interactions with various large language models (LLMs)",https://github.com/danielrosehill/Prompts-And-Outputs,False,2024-11-08T11:56:00Z
osi-data-import,Osi Data Import,Data import tools for OSI,https://github.com/danielrosehill/osi-data-import,True,2024-11-07T18:17:01Z
OpenSUSE-Config-Backup-Tool,Opensuse Config Backup Tool,Some scripts for backing up OpenSUSE package lists for expedited reprovisioning,https://github.com/danielrosehill/OpenSUSE-Config-Backup-Tool,False,2024-11-05T16:53:52Z
GHG-Emissions-Monetisation-Calculator,Ghg Emissions Monetisation Calculator,Calculation simulation utility for monetised GHG emissions,https://github.com/danielrosehill/GHG-Emissions-Monetisation-Calculator,False,2024-11-03T16:22:39Z
Emissions-Data-Reports,Emissions Data Reports,A small selection of GHG emissions datapoints from various sources,https://github.com/danielrosehill/Emissions-Data-Reports,False,2024-11-03T09:26:27Z
My-LLM-KM-Idea,My Large Language Model Km Idea,"""High level"" documentation/thinking for a system I'm working on for storing large language model (LLM) derived information in a graph-backed knowledge base system",https://github.com/danielrosehill/My-LLM-KM-Idea,False,2024-10-31T13:27:50Z
Test-Markdown-Docs,Test Markdown Docs,"A few formatted markdown files for testing the real-time markdown rendering support of various knowledge management, note-taking and wiki tools",https://github.com/danielrosehill/Test-Markdown-Docs,False,2024-10-31T02:23:30Z
Prototypes,Prototypes,"Loose markdown files documenting various early stage projects (ie, prototypes)",https://github.com/danielrosehill/Prototypes,False,2024-10-30T20:25:01Z
My-Thoughts-On-Tech,My Thoughts On Tech,A first-entry notepad to jot down some notes that may be developed into blogs (or not). My philosophy and lens on everything from AI to backups.,https://github.com/danielrosehill/My-Thoughts-On-Tech,False,2024-10-30T15:42:31Z
Nuclino-Notes-Backup,Nuclino Notes Backup,Backup utility for Nuclino via the API,https://github.com/danielrosehill/Nuclino-Notes-Backup,False,2024-10-30T15:09:14Z
Global-Value-Factors-Explorer,Global Value Factors Explorer,(Non-official) derivative version of IFVI Global Value Factors Database in JSON/GeoJSON to facilitate data analysis projects,https://github.com/danielrosehill/Global-Value-Factors-Explorer,False,2024-10-21T11:52:37Z
Israel-GeoInsights,Israel Geoinsights,Experimentary repository; using LLMs to analyse geopolitical developments in Israel & the Middle East,https://github.com/danielrosehill/Israel-GeoInsights,False,2024-10-21T01:25:17Z
LLM-Evaluation-Prompts,Large Language Model Evaluation Prompts,A few prompts that I am storing in a repo for the purpose of running controlled experiments comparing and benchmarking different LLMs for defined use-cases,https://github.com/danielrosehill/LLM-Evaluation-Prompts,False,2024-10-13T14:51:06Z
LLM-Prompt-Extraction-GUI,Large Language Model Prompt Extraction Gui,GUI for extracting prompts from outputs,https://github.com/danielrosehill/LLM-Prompt-Extraction-GUI,False,2024-10-06T13:25:56Z
pikud-haoref-api,Pikud Haoref Api,A Node.js wrapper library for Pikud Haoref's unofficial rocket alert API.,https://github.com/danielrosehill/pikud-haoref-api,True,2024-10-03T02:31:05Z
Example-LLM-Python-GUI-Build,Example Large Language Model Python Gui Build,No description provided,https://github.com/danielrosehill/Example-LLM-Python-GUI-Build,False,2024-10-02T16:22:24Z
Google-Fonts-Hebrew-Downloader,Google Fonts Hebrew Downloader,A utility for downloading Hebrew fonts from Google Fonts using the API (needs a key),https://github.com/danielrosehill/Google-Fonts-Hebrew-Downloader,False,2024-10-02T15:35:07Z
Nice-Hebrew-Fonts,Nice Hebrew Fonts,A collection of Hebrew fonts from around the internet,https://github.com/danielrosehill/Nice-Hebrew-Fonts,False,2024-10-02T15:02:58Z
Public-Shelter-Lists-Israel,Public Shelter Lists Israel,No description provided,https://github.com/danielrosehill/Public-Shelter-Lists-Israel,False,2024-10-02T14:20:58Z
Israel-News-Monitor,Israel News Monitor,News monitoring app intended for people living in Israel,https://github.com/danielrosehill/Israel-News-Monitor,False,2024-10-02T14:08:21Z
Daniel-s-Workstation-Backup-Genie,Daniel S Workstation Backup Genie,"A Claude-developed, me-prompted incremental BTRFS backup utility with hardcoded serial number verification on the target device",https://github.com/danielrosehill/Daniel-s-Workstation-Backup-Genie,False,2024-10-01T16:29:11Z
My-LLM-Context-Repo-Public,My Large Language Model Context Repo Public,"A context repo for experimenting with LLM models. A public version, so some info naturally withheld.",https://github.com/danielrosehill/My-LLM-Context-Repo-Public,False,2024-09-30T03:21:36Z
Awesome-Obsidian-AI-Tools,Awesome Obsidian Artificial Intelligence Tools,Obsidian plugins focused on leveraging AI & LLMs inside of (and beyond) vaults,https://github.com/danielrosehill/Awesome-Obsidian-AI-Tools,False,2024-09-30T00:14:49Z
Obisidian-Prompt-Output-Saver-Local-Only,Obisidian Prompt Output Saver Local Only,A GUI component for the Obsidian vault project. This saves prompts and outputs into the vault but doesn't integrate with an LLM API,https://github.com/danielrosehill/Obisidian-Prompt-Output-Saver-Local-Only,False,2024-09-29T18:52:09Z
Obsidian-Prompt-Output-Saver,Obsidian Prompt Output Saver,A utility for running prompts through the OpenAI API and saving them into an Obsidian Vault structured for LLM output storage,https://github.com/danielrosehill/Obsidian-Prompt-Output-Saver,False,2024-09-29T16:25:31Z
LLM-Obsidian-Vault-Backup-Utility,Large Language Model Obsidian Vault Backup Utility,"Simple backup GUI for my Obsidian vault for storing LLM artifacts (prompts, outputs, agent configs)",https://github.com/danielrosehill/LLM-Obsidian-Vault-Backup-Utility,False,2024-09-28T17:11:37Z
LLM-Workspace-Scaffolder,Large Language Model Workspace Scaffolder,"A quick scaffolding script for populating a repository with folders for organising prompts and outputs, as commonly required when working with LLMs",https://github.com/danielrosehill/LLM-Workspace-Scaffolder,False,2024-09-27T13:32:40Z
OpenAI-Github-Repo-Index-Creator,Openai Github Repo Index Creator,Simple script for creating a Github index using the OpenAI API,https://github.com/danielrosehill/OpenAI-Github-Repo-Index-Creator,False,2024-09-27T10:46:56Z
Obisidian-For-LLM-Capture,Obisidian For Large Language Model Capture,Some GUIs and scaffolding scripts intended to optimise Obsidian for use as a knowledge base for storing and organising LLM outputs (as well as prompts and custom agent config),https://github.com/danielrosehill/Obisidian-For-LLM-Capture,False,2024-09-26T14:04:37Z
llmnote,Llmnote,"A markdown note taking application optimise for saving and storing outputs from LLM & GPT interactions (prompts, outputs, agent configurations)",https://github.com/danielrosehill/llmnote,True,2024-09-25T23:50:41Z
Model-Idea-Refinement-GPT-Agent,Model Idea Refinement Generative Pre-trained Transformer Agent,"A model/template for a custom GPT/LLM agent whose focus is on helping to ideate and improve a technology idea (example: ""Output Hub"")",https://github.com/danielrosehill/Model-Idea-Refinement-GPT-Agent,False,2024-09-22T18:56:25Z
Database-Relationship-Identifier-Postgres,Database Relationship Identifier Postgres,Utility that creates a human-readable manifest of the relationships contained in a Postgres database,https://github.com/danielrosehill/Database-Relationship-Identifier-Postgres,False,2024-09-22T12:47:36Z
Output-Hub-POC-Seed,Output Hub Poc Seed,Seeds a relational database structure for 'Output Hub' output management system,https://github.com/danielrosehill/Output-Hub-POC-Seed,False,2024-09-22T12:39:48Z
How-To-Guides,How To Guides,My little tech discoveries available for anyone who wants to read them!,https://github.com/danielrosehill/How-To-Guides,False,2024-09-19T15:36:37Z
Natural-Language-Relationship-Definition,Natural Language Relationship Definition,Experiment: trying to create a database schema using natural language,https://github.com/danielrosehill/Natural-Language-Relationship-Definition,False,2024-09-16T18:41:19Z
Markdown-Templates-For-LLM-Work,Markdown Templates For Large Language Model Work,Some very basic templates for saving LLM outputs in markdown-friendly notebooks (like Joplin),https://github.com/danielrosehill/Markdown-Templates-For-LLM-Work,False,2024-09-14T15:16:44Z
Data-Relationships-Helper,Data Relationships Helper,"Utility for helping users understand the classic data relationships in RDMSs (M2M, O2M, M2O etc)",https://github.com/danielrosehill/Data-Relationships-Helper,False,2024-09-10T17:09:31Z
Data-Analysis-Notebook,Data Analysis Notebook,A public notebook of some analytical work with datasets,https://github.com/danielrosehill/Data-Analysis-Notebook,False,2024-09-09T17:21:30Z
GPT-Repo-Utility,Generative Pre-trained Transformer Repo Utility,Utility for saving GPT outputs into an organised markdown repository,https://github.com/danielrosehill/GPT-Repo-Utility,False,2024-09-08T21:32:57Z
GPT-To-PDF,Generative Pre-trained Transformer To Pdf,"Simple text conversion utility. User inputs prompts and outputs, GUI renders to PDF. GPT-authored code!",https://github.com/danielrosehill/GPT-To-PDF,False,2024-09-08T18:20:49Z
Distro-Tuner,Distro Tuner,Quick template for creating a local repo with symlinks to key system files on Linux,https://github.com/danielrosehill/Distro-Tuner,False,2024-09-01T13:18:18Z
Postgres-Utilities,Postgres Utilities,Little scripts and hacks for working with my favorite database!,https://github.com/danielrosehill/Postgres-Utilities,False,2024-08-25T08:28:57Z
refine-public-mods,Refine Public Mods,"A React Framework for building  internal tools, admin panels, dashboards & B2B apps with unmatched flexibility.",https://github.com/danielrosehill/refine-public-mods,True,2024-08-24T18:57:20Z
Fedora-GUIs,Fedora Guis,A few small learning projects intended at developing very simple GUIs for Fedora Linux,https://github.com/danielrosehill/Fedora-GUIs,False,2024-08-20T18:59:10Z
Snippet-Library,Snippet Library,Library of code snippets,https://github.com/danielrosehill/Snippet-Library,False,2024-08-12T14:15:01Z
Scaffolding-Scripts,Scaffolding Scripts,Scripts for scaffolding folder structures I commonly use,https://github.com/danielrosehill/Scaffolding-Scripts,False,2024-08-11T05:54:21Z
danielrosehill,Danielrosehill,Github homepage text,https://github.com/danielrosehill/danielrosehill,False,2024-08-11T02:00:11Z
Taxonomy-Generators,Taxonomy Generators,"Scripts for creating taxonomies, mostly Python",https://github.com/danielrosehill/Taxonomy-Generators,False,2024-08-09T17:51:47Z
AI-Generated-Code-Samples,Artificial Intelligence Generated Code Samples,Scripts and other programs generated with various LLMs. Sometimes they need refinement. Frequently they just work!,https://github.com/danielrosehill/AI-Generated-Code-Samples,False,2024-08-09T15:36:11Z
Shields-Markdown-Badges,Shields Markdown Badges,Markdown badges from the Shields.io project (the ones I like and use frequently),https://github.com/danielrosehill/Shields-Markdown-Badges,False,2024-08-09T14:50:15Z
LLM-Workspace-Scaffolding,Large Language Model Workspace Scaffolding,A folder structure (scaffold) for those employing systematic workflows for working with LLMs,https://github.com/danielrosehill/LLM-Workspace-Scaffolding,False,2024-08-09T13:23:59Z
My-Scaffolding-Templates,My Scaffolding Templates,File structure templates for common projects. More specific templates sometimes have their own repository.,https://github.com/danielrosehill/My-Scaffolding-Templates,False,2024-08-09T13:16:37Z
Document-Templates,Document Templates,Documentation matters! Some of the templates (in markdown) that I like to use,https://github.com/danielrosehill/Document-Templates,False,2024-08-09T10:37:05Z
Israel-Rocket-Shelter-Guidelines,Israel Rocket Shelter Guidelines,An improved translation of the Home Front Command instructions for finding emergency shelter in Israel,https://github.com/danielrosehill/Israel-Rocket-Shelter-Guidelines,False,2024-08-07T23:51:54Z
Custom-Chat-GPT-Finder,Custom Chat Generative Pre-trained Transformer Finder,Utility for identifying newly released custom ChatGPTs shared via the ChatGPT App Store,https://github.com/danielrosehill/Custom-Chat-GPT-Finder,False,2024-08-07T19:14:04Z
Output-Hub,Output Hub,"An admin application I'm developing for managing all aspects of working with LLMs professionally and at scale, with functions for prompt logging, prompt library, and custom LLM agent inventorising. Aspiration: add code to notes gradually as project matures!",https://github.com/danielrosehill/Output-Hub,False,2024-08-07T18:06:36Z
Awesome-LLM-Prompt-Libraries,Awesome Large Language Model Prompt Libraries,"An index of prompting libraries for GPTs, including ChatGPT. Some of these are on Github and others are hosted externally.",https://github.com/danielrosehill/Awesome-LLM-Prompt-Libraries,False,2024-08-07T16:50:44Z
Awesome-Prompt-Engineering,Awesome Prompt Engineering,"This repository contains a hand-curated resources for Prompt Engineering with a focus on Generative Pre-trained Transformer (GPT), ChatGPT, PaLM etc ",https://github.com/danielrosehill/Awesome-Prompt-Engineering,True,2024-08-07T16:47:21Z
awesome-chatgpt-prompts,Awesome Chatgpt Prompts,This repo includes ChatGPT prompt curation to use ChatGPT better.,https://github.com/danielrosehill/awesome-chatgpt-prompts,True,2024-08-07T16:47:07Z
Custom-LLM-Agent-Platforms,Custom Large Language Model Agent Platforms,"Tools, frameworks, and platforms for custom LLM agent creation, including AI workforces/fleets",https://github.com/danielrosehill/Custom-LLM-Agent-Platforms,False,2024-08-06T21:12:58Z
Tampermonkey-Scripts,Tampermonkey Scripts,Tampermonkey scripts for browser automation tasks,https://github.com/danielrosehill/Tampermonkey-Scripts,False,2024-08-06T21:03:23Z
GPT_Python,Gpt_python,ChatGPT-generated Python scripts for various purposes,https://github.com/danielrosehill/GPT_Python,False,2024-08-05T11:51:23Z
Random-Taxonomies,Random Taxonomies,List of taxonomies generated with GPT for various purposes and open-sourced for ease of reuse,https://github.com/danielrosehill/Random-Taxonomies,False,2024-08-04T14:59:36Z
LLM-Use-Case-Self-Ideation,Large Language Model Use Case Self Ideation,LLM-generated documents describing potential use-cases for GPTs & other LLMs across both professional and business contexts with sections describing potential/predicted evolutions as underlying technology advances,https://github.com/danielrosehill/LLM-Use-Case-Self-Ideation,False,2024-08-04T10:54:06Z
homebox,Homebox,A continuation of HomeBox the inventory and organization system built for the Home User,https://github.com/danielrosehill/homebox,True,2024-08-04T04:08:17Z
Jerusalem-Public-Shelters,Jerusalem Public Shelters,Jerusalem public shelter locations extracted from ODBL licensed sources. Please do not rely upon these for your own preparedness efforts.,https://github.com/danielrosehill/Jerusalem-Public-Shelters,False,2024-08-03T17:49:59Z
opendefinition,Opendefinition,Open Definition source,https://github.com/danielrosehill/opendefinition,True,2024-08-03T17:46:42Z
LLM-Outputs,Large Language Model Outputs,Interesting GPT outputs demonstrating specific capabilities,https://github.com/danielrosehill/LLM-Outputs,False,2024-07-31T18:29:57Z
Awesome-LLM-Communities,Awesome Large Language Model Communities,Great online communities discussing use of LLMs including (but not limited to) ChatGPT,https://github.com/danielrosehill/Awesome-LLM-Communities,False,2024-07-30T19:35:42Z
Daniel-Public-Changelog,Daniel Public Changelog,A publicly accessible changelog of all my technical projects,https://github.com/danielrosehill/Daniel-Public-Changelog,False,2024-07-27T20:37:42Z
Github-Optimisation,Github Optimisation,Ideas and scripts for optimising Github repositories,https://github.com/danielrosehill/Github-Optimisation,False,2024-07-27T20:25:18Z
Prompt-Library,Prompt Library,A repository of prompts I've used when working with LLMs as well as some example outputs and notes,https://github.com/danielrosehill/Prompt-Library,False,2024-07-24T17:25:34Z
Github-Repo-Index,Github Repo Index,An index to the Github profile of Daniel Rosehill. Repositories are organised by themes in the 'sections' folder.,https://github.com/danielrosehill/Github-Repo-Index,False,2024-07-22T17:27:28Z
Python-Scripts,Python Scripts,Python scripts that are publicly shared via Github,https://github.com/danielrosehill/Python-Scripts,False,2024-07-18T19:13:08Z
ChatGPT-CustomGPT-Dev,Chatgpt Customgpt Dev,Scripts and utilities for managing custom GPTs built with ChatGPT,https://github.com/danielrosehill/ChatGPT-CustomGPT-Dev,False,2024-07-16T19:51:58Z
Custom-LLM-Agents,Custom Large Language Model Agents,"This repository contains configuration scripts for large language model assistants, which I have deployed mostly currently on Hugging Face Chat. ",https://github.com/danielrosehill/Custom-LLM-Agents,False,2024-07-06T19:25:02Z
Misc-Scripts,Misc Scripts,"Public collection of miscellaneous scripts, mostly for automation",https://github.com/danielrosehill/Misc-Scripts,False,2024-06-27T11:18:46Z
PersonalHomepage,Personalhomepage,My personal homepage - based on the Milky Way Astro theme by Tristen Tomczak ,https://github.com/danielrosehill/PersonalHomepage,False,2024-06-26T23:32:34Z
astrostarter,Astrostarter,A few spins on the Astro starter theme to demonstrate some capabilities that I like adding to this framework,https://github.com/danielrosehill/astrostarter,False,2024-06-26T23:14:14Z
Awesome-Linux-IDEs,Awesome Linux Ides,"IDEs and development tools that work on one or multiple Linux distros. where possible details are noted like the supported distros, programming languages and more.   ",https://github.com/danielrosehill/Awesome-Linux-IDEs,False,2024-05-19T17:20:38Z
minimal-awesome-list-generator,Minimal Awesome List Generator,A fork of the Awesome list generator modified for simplicity,https://github.com/danielrosehill/minimal-awesome-list-generator,True,2024-05-19T14:55:47Z
ImpactDBPipeline,Impactdbpipeline,Data ingress pipeline for Impact Database ,https://github.com/danielrosehill/ImpactDBPipeline,False,2024-04-21T15:36:37Z
Awesome-Kubernetes-Linux-Desktop,Awesome Kubernetes Linux Desktop,GUIs and other tools that make managing Kubernetes clusters easier for Linux desktop users (I use Ubuntu but will add resources for other distros),https://github.com/danielrosehill/Awesome-Kubernetes-Linux-Desktop,False,2024-04-20T17:48:38Z
Tech-Ideas,Tech Ideas,For open sourcing the occasional sparks of innovation I have but lack the time to implement them currently.,https://github.com/danielrosehill/Tech-Ideas,False,2024-04-18T16:03:18Z
ImpactInvestingData,Impactinvestingdata,A repository for housing visualisations and analyses of data related to impact investing approaches,https://github.com/danielrosehill/ImpactInvestingData,False,2024-04-15T01:59:19Z
Awesome-Israeli-Jewish-Home-Assistant,Awesome Israeli Jewish Home Assistant,Home automation projects that are relevant to people in Israel or Jews generally (e.g. Shabbat and zmanim time integrations),https://github.com/danielrosehill/Awesome-Israeli-Jewish-Home-Assistant,False,2024-04-12T12:54:28Z
awesome-opensource-israel,Awesome Opensource Israel,"A curated list of Israeli-made projects, events, and individuals",https://github.com/danielrosehill/awesome-opensource-israel,True,2024-04-10T17:56:35Z
Jewish-Sabbaths-Holidays,Jewish Sabbaths Holidays,Jewish Shabbat Yomtov and Holidays times and event,https://github.com/danielrosehill/Jewish-Sabbaths-Holidays,True,2024-04-04T19:33:43Z
Home-Assistant-Dashboards-General-,Home Assistant Dashboards General ,General Home Assistant dashboards - screenshots and YAML,https://github.com/danielrosehill/Home-Assistant-Dashboards-General-,False,2024-04-02T15:39:49Z
MakoletTime,Makolettime,A Home Assistant grocery list optimised for the needs of Israeli consumers.,https://github.com/danielrosehill/MakoletTime,False,2024-03-29T21:21:42Z
Home-Assistant-snippets,Home Assistant Snippets,Little snippets of YAML for HA as I figure out how to make it do stuff. Open sourcing it because .. why not!?,https://github.com/danielrosehill/Home-Assistant-snippets,False,2024-03-24T19:53:45Z
Home-Assistant-Shabbat-Yom-Tom,Home Assistant Shabbat Yom Tom,Automations and configurations for Home Assistant specifically intended for the observance of Jewish festivals and Shabbat,https://github.com/danielrosehill/Home-Assistant-Shabbat-Yom-Tom,False,2024-03-22T02:53:23Z
Homepage,Homepage,A homepage for my Github account. This page gives an overview of the projects I'm working on and sharing on Github.,https://github.com/danielrosehill/Homepage,False,2024-03-21T14:42:59Z
Impact-Investing-First-Entry-,Impact Investing First Entry ,A repository for hosting data about impact investing that is not covered by other more specific repositories here.,https://github.com/danielrosehill/Impact-Investing-First-Entry-,False,2024-03-21T01:05:22Z
Outcomes-Funds,Outcomes Funds,Data analysis and visualisations performed on data from various sources tracking the establishment and progress of outcomes funds around the world.,https://github.com/danielrosehill/Outcomes-Funds,False,2024-03-21T01:04:10Z
Impact-Weighted-Accounts-Demo-App,Impact Weighted Accounts Demo App,A prototype app for displaying impact-weighted accounting data for products serving data from NFC tags (example deployment: a supermarket),https://github.com/danielrosehill/Impact-Weighted-Accounts-Demo-App,False,2024-03-21T01:01:48Z
ImpactWeightedAccounts,Impactweightedaccounts,A repository for hosting data and data visualisations related to the work of the International Foundation for Valuing Impacts and other organizations pioneering the development and adoption of these methods (disclaimer: this is an independent project not affiliated or associated with any particular entity).,https://github.com/danielrosehill/ImpactWeightedAccounts,False,2024-03-19T20:02:29Z
backup_internet_israel,Backup_internet_israel,Network schematics and purchasing notes for those interested in provisioning failover and bonded internet connectivity in Israel (using locally sourced hardware),https://github.com/danielrosehill/backup_internet_israel,False,2021-09-06T03:29:41Z
My_Tech_Stack,My_tech_stack,I periodically begin using new tools and services. This is a means of documenting them. ,https://github.com/danielrosehill/My_Tech_Stack,False,2021-06-20T12:25:05Z
Public-GPG-Keys,Public Gpg Keys,My public PGP keys,https://github.com/danielrosehill/Public-GPG-Keys,False,2021-03-11T14:30:22Z
twofactorauth,Twofactorauth,"List of sites with two factor auth support which includes SMS, email, phone calls, hardware, and software.",https://github.com/danielrosehill/twofactorauth,True,2020-10-26T12:36:31Z
AWSCCPPrep,Awsccpprep,Preparation materials for the AWS Certified Cloud Practitioner exam. Please use at your own discretion. I do not warrant that any of these training materials are free of errors. ,https://github.com/danielrosehill/AWSCCPPrep,False,2020-10-13T10:47:46Z
MechanicalKeyboards,Mechanicalkeyboards,Some markdown documentation for my own reference regarding different Cherry MX mechanical keyboard switches. ,https://github.com/danielrosehill/MechanicalKeyboards,False,2020-06-14T20:10:12Z
UbuntuReinstallation,Ubuntureinstallation,This repository will contain Bash scripts and other tools intended to automatically expedite the installation of my preferred system from stock Ubuntu. This should reflect the changes in the Ubuntu modifications repository which are intended to be applied manually. ,https://github.com/danielrosehill/UbuntuReinstallation,False,2020-06-14T17:03:18Z
FirstEntryPublic,Firstentrypublic,Files that needed to be added to other repositories,https://github.com/danielrosehill/FirstEntryPublic,False,2020-06-14T06:13:44Z
MyDesktop,Mydesktop,Markdown documentation for the evolution of my desktop,https://github.com/danielrosehill/MyDesktop,False,2020-06-07T23:55:24Z
Cloud-Backup-Scripts,Cloud Backup Scripts,Various scripts for manually syncing and backing up cloud storage,https://github.com/danielrosehill/Cloud-Backup-Scripts,False,2020-05-08T12:16:51Z
UbuntuBugResolution,Ubuntubugresolution,Documentation to resolve Ubuntu bugs as I encounter them ,https://github.com/danielrosehill/UbuntuBugResolution,False,2020-05-07T16:14:09Z
Master_Backup_Strategy,Master_backup_strategy,"A markdown file summarizing my current approaches for creating 3-2-1 compliant backups of my local and cloud infrastructure including Linux desktop, VMs, SaaS utilities, and self-hosted cloud apps.",https://github.com/danielrosehill/Master_Backup_Strategy,False,2020-05-01T12:32:46Z
CloudBackupApproaches,Cloudbackupapproaches,Periodically updated markdown documentation summarizing manual / non-programmatic methodologies to back up commonly used SaaS / cloud-hosted software utilities.,https://github.com/danielrosehill/CloudBackupApproaches,False,2020-04-30T22:03:56Z
Home,Home,No description provided,https://github.com/danielrosehill/Home,False,2020-04-27T18:57:03Z
UbuntuBackupStrategy,Ubuntubackupstrategy,"Various Bash scripts, edited configuration packages, and other resources to be manually applied to a fresh Ubuntu installation. ",https://github.com/danielrosehill/UbuntuBackupStrategy,False,2020-02-22T22:23:43Z
danielrosehill.github.io,Danielrosehill.github.io,Github Repository,https://github.com/danielrosehill/danielrosehill.github.io,False,2019-12-26T17:40:25Z
Misc,Misc,Miscellaneous project files,https://github.com/danielrosehill/Misc,False,2019-12-09T02:47:07Z
UbuntuModifications,Ubuntumodifications,My modifications for Ubuntu Linux. Publicly accessible so that I can access these conveniently.,https://github.com/danielrosehill/UbuntuModifications,False,2019-10-26T18:44:28Z
